<configuration>

    <appender name="STDOUT" class="ch.qos.logback.core.ConsoleAppender">
        <withJansi>true</withJansi>
        <!-- encoders are assigned the type
             ch.qos.logback.classic.encoder.PatternLayoutEncoder by default -->
        <encoder>
            <pattern>%cyan(%d{HH:mm:ss.SSS}) %red([%X{trace-id}]) %white([%thread]) %highlight(%-5level) %magenta(%logger{15}) - %msg%n
            </pattern>
        </encoder>
    </appender>

    <root level="error">
        <appender-ref ref="STDOUT"/>
    </root>

    <logger name="se.martin.endlessloop" additivity="false" level="info">
        <appender-ref ref="STDOUT"/>
    </logger>

</configuration>
