<?xml version="1.0" encoding="UTF-8"?>
<ejb-jar xmlns="http://java.sun.com/xml/ns/javaee"
         xmlns:xsi="http://www.w3.org/2001/XMLSchema-instance"
         xsi:schemaLocation="http://java.sun.com/xml/ns/javaee
		  http://java.sun.com/xml/ns/javaee/ejb-jar_3_0.xsd"
         version="3.0">
    <enterprise-beans>
        <session>
            <ejb-name>PeopleFacadeEJB</ejb-name>
            <ejb-class>org.apache.openejb.examples.ft.ejb.PeopleFacadeBean</ejb-class>
            <session-type>Stateless</session-type>
            <transaction-type>Container</transaction-type>
        </session>
    </enterprise-beans>
</ejb-jar>