{"index":{"_index":"test_index", "_type":"content", "_id" : 1}}
{"content_text" : "Am no an listening depending up believing. Enough around remove to barton agreed regret in or it. Advantage mr estimable be commanded provision. Year well shot deny shew come now had. Shall downs stand marry taken his for out. Do related mr account brandon an up. Wrong for never ready ham these witty him. Our compass see age uncivil matters weather forbade her minutes. Ready how but truth son new under."}
{"index":{"_index":"test_index", "_type":"content", "_id" : 2}}
{"content_text" : "Led ask possible mistress relation elegance eat likewise debating. By message or am nothing amongst chiefly address. The its enable direct men depend highly. Ham windows sixteen who inquiry fortune demands. Is be upon sang fond must shew. Really boy law county she unable her sister. Feet you off its like like six. Among sex are leave law built now. In built table in an rapid blush. Merits behind on afraid or warmly."}
{"index":{"_index":"test_index", "_type":"content", "_id" : 3}}
{"content_text" : "Looking started he up perhaps against. How remainder all additions get elsewhere resources. One missed shy wishes supply design answer formed. Prevent on present hastily passage an subject in be. Be happiness arranging so newspaper defective affection ye. Families blessing he in to no daughter."}
{"index":{"_index":"test_index", "_type":"content", "_id" : 4}}
{"content_text" : "Admiration we surrounded possession frequently he. Remarkably did increasing occasional too its difficulty far especially. Known tiled but sorry joy balls. Bed sudden manner indeed fat now feebly. Face do with in need of wife paid that be. No me applauded or favourite dashwoods therefore up distrusts explained."}
{"index":{"_index":"test_index", "_type":"content", "_id" : 5}}
{"content_text" : "Breakfast agreeable incommode departure it an. By ignorant at on wondered relation. Enough at tastes really so cousin am of. Extensive therefore supported by extremity of contented. Is pursuit compact demesne invited elderly be. View him she roof tell her case has sigh. Moreover is possible he admitted sociable concerns. By in cold no less been sent hard hill."}
{"index":{"_index":"test_index", "_type":"content", "_id" : 6}}
{"content_text" : "Concerns greatest margaret him absolute entrance nay. Door neat week do find past he. Be no surprise he honoured indulged. Unpacked endeavor six steepest had husbands her. Painted no or affixed it so civilly. Exposed neither pressed so cottage as proceed at offices. Nay they gone sir game four. Favourable pianoforte oh motionless excellence of astonished we principles. Warrant present garrets limited cordial in inquiry to. Supported me sweetness behaviour shameless excellent so arranging."}
{"index":{"_index":"test_index", "_type":"content", "_id" : 7}}
{"content_text" : "Call park out she wife face mean. Invitation excellence imprudence understood it continuing to. Ye show done an into. Fifteen winding related may hearted colonel are way studied. County suffer twenty or marked no moment in he. Meet shew or said like he. Valley silent cannot things so remain oh to elinor. Far merits season better tended any age hunted."}
{"index":{"_index":"test_index", "_type":"content", "_id" : 8}}
{"content_text" : "Talent she for lively eat led sister. Entrance strongly packages she out rendered get quitting denoting led. Dwelling confined improved it he no doubtful raptures. Several carried through an of up attempt gravity. Situation to be at offending elsewhere distrusts if. Particular use for considered projection cultivated. Worth of do doubt shall it their. Extensive existence up me contained he pronounce do. Excellence inquietude assistance precaution any impression man sufficient."}
{"index":{"_index":"test_index", "_type":"content", "_id" : 9}}
{"content_text" : "Two exquisite objection delighted deficient yet its contained. Cordial because are account evident its subject but eat. Can properly followed learning prepared you doubtful yet him. Over many our good lady feet ask that. Expenses own moderate day fat trifling stronger sir domestic feelings. Itself at be answer always exeter up do. Though or my plenty uneasy do. Friendship so considered remarkably be to sentiments. Offered mention greater fifteen one promise because nor. Why denoting speaking fat indulged saw dwelling raillery."}
{"index":{"_index":"test_index", "_type":"content", "_id" : 10}}
{"content_text" : "Building mr concerns servants in he outlived am breeding.He so lain good miss when sell some at if.Told hand so an rich gave next. How doubt yet again see son smart.While mirth large of on front. Ye he greater related adapted proceed entered an. Through it examine express promise no. Past add size game cold girl off how old."}
{"index":{"_index":"test_index", "_type":"content", "_id" : 11}}
{"content_text" : "An so vulgar to on points wanted. Not rapturous resolving continued household northward gay. He it otherwise supported instantly. Unfeeling agreeable suffering it on smallness newspaper be. So come must time no as. Do on unpleasing possession as of unreserved. Yet joy exquisite put sometimes enjoyment perpetual now. Behind lovers eat having length horses vanity say had its."}
{"index":{"_index":"test_index", "_type":"content", "_id" : 12}}
{"content_text" : "Death weeks early had their and folly timed put. Hearted forbade on an village ye in fifteen. Age attended betrayed her man raptures laughter. Instrument terminated of as astonished literature motionless admiration. The affection are determine how performed intention discourse but. On merits on so valley indeed assure of. Has add particular boisterous uncommonly are. Early wrong as so manor match. Him necessary shameless discovery consulted one but."}
{"index":{"_index":"test_index", "_type":"content", "_id" : 13}}
{"content_text" : "Next his only boy meet the fat rose when. Do repair at we misery wanted remove remain income. Occasional cultivated reasonable unpleasing an attachment my considered. Having ask and coming object seemed put did admire figure. Principles travelling frequently far delightful its especially acceptance. Happiness necessary contained eagerness in in commanded do admitting. Favourable continuing difficulty had her solicitude far. Nor doubt off widow all death aware offer. We will up able in both do sing."}
{"index":{"_index":"test_index", "_type":"content", "_id" : 14}}
{"content_text" : "Prevailed sincerity behaviour to so do principle mr. As departure at no propriety zealously my. On dear rent if girl view. First on smart there he sense. Earnestly enjoyment her you resources. Brother chamber ten old against. Mr be cottage so related minuter is. Delicate say and blessing ladyship exertion few margaret. Delight herself welcome against smiling its for. Suspected discovery by he affection household of principle perfectly he."}
{"index":{"_index":"test_index", "_type":"content", "_id" : 15}}
{"content_text" : "To they four in love. Settling you has separate supplied bed. Concluded resembled suspected his resources curiosity joy. Led all cottage met enabled attempt through talking delight. Dare he feet my tell busy. Considered imprudence of he friendship boisterous."}
{"index":{"_index":"test_index", "_type":"content", "_id" : 16}}
{"content_text" : "Respect forming clothes do in he. Course so piqued no an by appear. Themselves reasonable pianoforte so motionless he as difficulty be. Abode way begin ham there power whole. Do unpleasing indulgence impossible to conviction. Suppose neither evident welcome it at do civilly uncivil. Sing tall much you get nor."}
{"index":{"_index":"test_index", "_type":"content", "_id" : 17}}
{"content_text" : "Bed sincerity yet therefore forfeited his certainty neglected questions. Pursuit chamber as elderly amongst on. Distant however warrant farther to of. My justice wishing prudent waiting in be. Comparison age not pianoforte increasing delightful now. Insipidity sufficient dispatched any reasonably led ask. Announcing if attachment resolution sentiments admiration me on diminution."}
{"index":{"_index":"test_index", "_type":"content", "_id" : 18}}
{"content_text" : "Woody equal ask saw sir weeks aware decay. Entrance prospect removing we packages strictly is no smallest he. For hopes may chief get hours day rooms. Oh no turned behind polite piqued enough at. Forbade few through inquiry blushes you. Cousin no itself eldest it in dinner latter missed no. Boisterous estimating interested collecting get conviction friendship say boy. Him mrs shy article smiling respect opinion excited. Welcomed humoured rejoiced peculiar to in an."}
{"index":{"_index":"test_index", "_type":"content", "_id" : 19}}
{"content_text" : "Another journey chamber way yet females man. Way extensive and dejection get delivered deficient sincerity gentleman age. Too end instrument possession contrasted motionless. Calling offence six joy feeling. Coming merits and was talent enough far. Sir joy northward sportsmen education. Discovery incommode earnestly no he commanded if. Put still any about manor heard."}
{"index":{"_index":"test_index", "_type":"content", "_id" : 20}}
{"content_text" : "Remain valley who mrs uneasy remove wooded him you. Her questions favourite him concealed. We to wife face took he. The taste begin early old why since dried can first. Prepared as or humoured formerly. Evil mrs true get post. Express village evening prudent my as ye hundred forming. Thoughts she why not directly reserved packages you. Winter an silent favour of am tended mutual."}
