{
    "settings": {
        "number_of_shards": 1,
        "number_of_replicas": 0,
        "analysis": {
            "analyzer": {
                "default": {
                    "filter": [
                        "lowercase",
                        "asciifolding",
                        "word_delimiter"
                    ],
                    "tokenizer": "standard"
                }
            }
        }
    },
    "mappings": {
        "content": {
            "properties": {
                "content_text": {
                    "type": "text"
                }
            }
        }
    }
}